<?xml version="1.0" encoding="utf-8"?>
<MatisseAssembly name="fkdjlsfj" isRealTime="0" usable="0">
	<DescriptorFields>
		<Author>
			
		</Author>
		<Version>
			
		</Version>
		<Comments>
			
		</Comments>
		<Date>
			23/03/2016
		</Date>
	</DescriptorFields>
	<Parameters id="99" model="" name=""/>

	<Source id="99" name="RTStillCameraProvider" order="0"/>

	<Processors>
	</Processors>

	<Destination id="99" name="RTSurveyPlotter" order="1"/>

	<Connections>
		<Connection startOrder="0" startLine="0" endOrder="1" endLine="0" color="4294902015"/>
	</Connections>
</MatisseAssembly>