<?xml version="1.0" encoding="utf-8"?>
<MatisseAssembly name="NavigationBasedMosaic" isRealTime="0" usable="0">
	<DescriptorFields>
		<Author>
			A;A
		</Author>
		<Version>
			1.0
		</Version>
		<Comments>
			Ce module permet de réaliser une mosaique en se basant uniquement sur la donnée de navigation et les paremètres caméra
		</Comments>
		<Date>
			
		</Date>
	</DescriptorFields>
	<Parameters id="99" model="" name=""/>

	<Source id="99" name="DTPictureFileSetImageProvider" order="0"/>

	<Processors>
		<Processor id="99" name="Init2DMosaic" order="1"/>
	</Processors>

	<Destination id="99" name="DrawBlend2DMosaic" order="2"/>

	<Connections>
		<Connection startOrder="0" startLine="0" endOrder="1" endLine="0" color="4288716964"/>
		<Connection startOrder="1" startLine="0" endOrder="2" endLine="0" color="4278190335"/>
	</Connections>
</MatisseAssembly>