<?xml version="1.0" encoding="utf-8"?>
<MatisseAssembly name="Post processing Treatment" isRealTime="0" usable="0">
	<DescriptorFields>
		<Author>
			
		</Author>
		<Version>
			0.1
		</Version>
		<Comments>
			
		</Comments>
		<Date>
			04/03/2016
		</Date>
	</DescriptorFields>
	<Parameters id="99" model="" name=""/>

	<Source id="99" name="Flusher" order="0"/>

	<Processors>
		<Processor id="99" name="Module1" order="1"/>
	</Processors>

	<Destination id="99" name="GeoTiffImageWriter" order="2"/>

	<Connections>
		<Connection startOrder="0" startLine="0" endOrder="1" endLine="0" color="4288716964"/>
		<Connection startOrder="1" startLine="1" endOrder="2" endLine="0" color="4290822336"/>
	</Connections>
</MatisseAssembly>