<?xml version="1.0" encoding="utf-8"?>
<MatisseAssembly name="VictorOtusOCTANS" isRealTime="false" usable="0">
	<DescriptorFields>
		<Author>
			
		</Author>
		<Version>
			
		</Version>
		<Comments>
			
		</Comments>
		<Date>
			26/05/2014
		</Date>
	</DescriptorFields>
	<Parameters id="99" model="V1.0" name="VictorOtusOCTANS"/>

	<Source id="99" name="Flusher" order="0"/>

	<Processors>
		<Processor id="99" name="InitMatchModule" order="1"/>
		<Processor id="99" name="OptimizationModule" order="2"/>
		<Processor id="99" name="DrawAndWriteModule" order="3"/>
	</Processors>

	<Destination id="99" name="GeoTiffImageWriter" order="4"/>

	<Connections>
		<Connection startOrder="1" startLine="0" endOrder="2" endLine="0" color="4294902015"/>
		<Connection startOrder="2" startLine="0" endOrder="3" endLine="0" color="4278222848"/>
		<Connection startOrder="3" startLine="0" endOrder="4" endLine="0" color="4278190208"/>
		<Connection startOrder="0" startLine="0" endOrder="1" endLine="0" color="4286578816"/>
	</Connections>
</MatisseAssembly>