<?xml version="1.0" encoding="utf-8"?>
<MatisseParametersDictionnary xmlns="Matisse" xmlns:xsi="http://www.w3.org/2001/XMLSchema-instance" xsi:schemaLocation="Matisse ../schemas/MatisseParametersDictionnary.xsd ">
    <Structures publicationTimestamp="2018-04-24T09:53:53">
        <Structure name="algo_param">
            <ParametersGroup name="general_algo_params">
                <Parameter name="sift_code" level="expert" text="Code a executer pour le sift" type="string" range= "{$SIFT_CODE}" show="combo" default="GPU_sift"/>
                <Parameter name="scale_factor" level="user" text="Reduction de la taille de l'image" suffix="%" type="double" range="[0,1]" precision="3" show="spin" default="1"/>
                <Parameter name="maxdist_centers" level="expert" text="Distance max de recherche" suffix="pixels" type="double" range="]0,inf[" precision="3" show="spin" default="10"/>
                <Parameter name="min_matches" level="advanced" text="Nombre min de correspondances" type="integer" range="[4,inf[" show="spin" default="10"/>
                <Parameter name="max_matches" level="advanced" text="Nombre max de correspondances" type="integer" range="[4,inf[" show="spin" default="inf"/>
                <Parameter name="First_processed_image" level="user" text="Index premiere image" type="integer" range="[1,inf[" show="spin" default="1"/>
                <Parameter name="Last_processed_image" level="user" text="Index derniere image" type="integer" range="[1,inf[" show="spin" default="inf"/>
                <Parameter name="step_im" level="user" text="Saut inter-images" type="integer" range="[1,inf[" show="spin" default="1"/>
                <Parameter name="force_recompute" level="user" text="Forcer le recalcul" type="bool" show="check" default="0"/>
            </ParametersGroup>
            <ParametersGroup name="overlap_filtering_params" text="Parametres de filtrage">
                <Parameter name="filter_overlap" level="expert" text="Flag de filtrage" type="bool" show="check" default="0"/>
                <Parameter name="max_overlap" level="expert" text="Overlap max entre 2 images" type="double" range="[0,1]" precision="2" show="spin" default="0.9"/>
                <Parameter name="min_overlap" level="expert" text="Overlap min entre 2 images" type="double" range="[0,1]" precision="2" show="spin" default="0.7"/>
		<Parameter name="do_realtime_mosaicking" level="user" text="Activer le mosaiquage temps reel" type="bool" show="check" default="1"/>
            </ParametersGroup>
            <ParametersGroup name="bundle_adjustment_params" text="Ajustement de bundle">
                <Parameter name="MaxIter" level="expert" text="Nombre max d'iterations dans l'optimisation" type="integer" range="]1,inf[" show="spin" default="50"/>
                <Parameter name="max_Roll" level="expert" text="Roulis maximum" type="double" range="[0,inf[" precision="3" show="spin" default="0.1"/>
                <Parameter name="max_Pitch" level="expert" text="Tangage maximum" type="double" range="[0,inf[" precision="3" show="spin" default="0.1"/>
                <Parameter name="ba_method" level="user" text="Methode de mosaicage" type="string" range="{$BA_METHOD}" show="combo" default="Nav_only"/>
                <Parameter name="cosmetic_stretch" level="user" text="Etirement Couleur/Constraste" type="bool" show="check" default="0"/>
            </ParametersGroup>
            <ParametersGroup name="blending_displaying_params" text="Fusion et affichage">
                <Parameter name="expo_comp_method" level="expert" text="Methode de compensation d'exposition" type="string" range="{$EXPO_COMP_METHOD}" show="combo" default="gain"/>
                <Parameter name="seam_method" level="expert" text="Methode de raboutement des images" type="string" range="{$SEAM_METHOD}" show="combo" default="gc_color"/>
                <Parameter name="blending_method" level="expert" text="Methode de blending" type="string" range="{$BLENDING_METHOD}" show="combo" default="multiband"/>
                <Parameter name="no_plot" level="user" text="Pas de trace (juste des barres de progression)" type="bool" show="check" default="1"/>
                <Parameter name="WriteGeoTiff" level="user" text="Ecrire un fichier GeoTiff" type="bool" show="check" default="1"/>
                <Parameter name="block_drawing" level="user" text="Dessin par bloc (meilleure utilisation de la memoire)" type="bool" show="check" default="0"/>
                <Parameter name="block_width" level="user" text="Largeur moyenne de bloc" type="integer" range="]0,inf[" show="spin" default="7000"/>
                <Parameter name="block_height" level="user" text="Hauteur moyenne de bloc" type="integer" range="]0,inf[" show="spin" default="7000"/>
            </ParametersGroup>
            <ParametersGroup name="compute_feature" text="Compute Features">
                <Parameter name="describer_method" level="expert" text="Describer Method" type="string" range="{$DESCRIBER_METHOD}" show="combo" default="SIFT_ANATOMY"/>
                <Parameter name="describer_preset" level="expert" text="Describer Preset" type="string" range="{$DESCRIBER_PRESET}" show="combo" default="ULTRA"/>
            </ParametersGroup>
            <ParametersGroup name="compute_matches" text="Compute Matches">
                <Parameter name="nearest_matching_method" level="expert" text="Nearest Matching Method" type="string" range="{$NEARESTMATCH_METHOD}" show="combo" default="FASTCASCADEHASHINGL2"/>
                <Parameter name="video_mode_matching" level="expert" text="Video Mode Matching" type="integer" range="[2,100]" show="spin" default="5"/>
            </ParametersGroup>
            <ParametersGroup name="DensifyPointCloud" text="Densify Point Cloud">
                <Parameter name="resolution_level" level="expert" text="Resolution Level" type="integer" range="[1,10]" show="spin" default="2"/>
                <Parameter name="number_views_fuse" level="expert" text="Number Views Fuse" type="integer" range="[2,10]" show="spin" default="3"/>
            </ParametersGroup>
            <ParametersGroup name="ReconstructMesh" text="Reconstruct Mesh">
                <Parameter name="decimate_factor" level="expert" text="Decimation Factor" type="double" range="]0,1]" precision="2" show="spin" default="1.0"/>
            </ParametersGroup>
            <ParametersGroup name="TexReCon" text="Texture Mesh">
                <Parameter name="keep_unseen_faces" level="expert" text="Keep Unseen Faces" type="bool" show="check" default="0"/>
            </ParametersGroup>
        </Structure>
        <Structure name="vehic_param">
            <ParametersGroup name="vehicle_params">
                <Parameter name="reproj_std" level="advanced" text="Precision de correspondance du sift (en pixels)" type="double" range="]0,inf[" precision="3" show="spin" default="10"/>
                <Parameter name="X_std" level="advanced" text="Precision UTM X (dev std en m)" type="double" range="]0,inf[" precision="3" show="spin" default="5"/>
                <Parameter name="Y_std" level="advanced" text="Precision UTM Y (m)" type="double" range="]0,inf[" precision="3" show="spin" default="5"/>
                <Parameter name="alt_std" level="advanced" text="Precision Altitude (m)" type="double" range="]0,inf[" precision="3" show="spin" default="0.8"/>
                <Parameter name="Roll_std" level="advanced" text="Precision Roulis (rad)" type="double" range="]0,inf[" precision="3" show="spin" default="0.01"/>
                <Parameter name="Pitch_std" level="advanced" text="Precision Tangage (rad)" type="double" range="]0,inf[" precision="3" show="spin" default="0.01"/>
                <Parameter name="Yaw_std" level="advanced" text="Precision Lacet (rad)" type="double" range="]0,inf[" precision="3" show="spin" default="0.1"/>
            </ParametersGroup>
        </Structure>
        <Structure name="cam_param">
            <ParametersGroup name="advanced_camera_params" text="Parametres reglages camera">
                <Parameter name="K" level="advanced" text="Matrice de la camera" type="double" size="(3,3)" range="]-inf,inf[" precision="2" formatTemplate="9999.99" show="table" default="540.677; 0; 199.9878; 0; 539.5830; 143.9180; 0; 0; 1"/>
                <Parameter name="V_Pose_C" level="advanced" text="Position de la camera / centre de nav" type="double" size="(6,1)" range="]-inf,inf[" precision="3" formatTemplate="-9.999" show="table" default="-1.1000; 0.2500; -0.1500; 0; 0; -1.5708"/>
		<Parameter name="still_camera_port" level="user" text="Port TCP APN" type="integer" range="[1000,99999]" show="spin" default="5600"/>
                <Parameter name="still_camera_address" level="user" text="Adresse APN" type="string" show="line" default="192.168.1.104"/>
		<Parameter name="sensor_width" level="advanced" text="Largeur capteur (pixels)" type="integer" range="[0,20000]" show="spin" default="6000"/>
		<Parameter name="sensor_height" level="advanced" text="Hauteur capteur (pixels)" type="integer" range="[0,20000]" show="spin" default="4000"/>
            </ParametersGroup>
        </Structure>
        <Structure name="video_input_param">
            <ParametersGroup name="video_input_params">
                <Parameter name="idCamera" level="user" text="N. Camera" type="integer" range="[0,inf[" show="spin" default="0"/>
                <Parameter name="intervalCapture" level="user" text="Interval de capture (ms)" type="integer" range="[100,10000[" show="spin" default="1000"/>
            </ParametersGroup>
        </Structure>
        <Structure name="dim2_param">
            <ParametersGroup name="network_nav_input_params">
                <Parameter name="udp_port" level="user" text="Port Udp dim2" type="integer" range="[5000,9000]" show="spin" default="7777"/>
            </ParametersGroup>
        </Structure>
        <Structure name="dataset_param">
            <ParametersGroup name="output_and_geo_params">
              <Parameter name="dataset_dir" level="user" text="Chemin des donnees" type="string" show="dir" default ="./"/>
              <Parameter name="output_dir" level="user" text="Chemin du resultat" type="string" show="dir" default="./Geotiff_data"/>
              <Parameter name="output_filename" level="user" text="Prefixe du fichier de sortie" type="string" show="line" default="mosaic-output"/>
              <Parameter name="navFile" level="user" text="Fichier de navigation" type="string" show="file" default="OTUS.dim2"/>
              <Parameter name="navSource" level="user" text="Source de Navigation"  type="string" range="{$NAV_SOURCES}" show="combo" default="AUTO"/>
              <Parameter name="usePrior" level="advanced" text="Use View's Motion Prior" type="bool" show="check" default="1"/>
              <Parameter name="utm_zone" level="user" text="Zone UTM" type="integer" range="[1,60]" show="spin" default="31"/>
              <Parameter name="utm_hemisphere" level="user" text="Hemisphere UTM" type="string" range="{N,S}" show="combo" default="N"/>
            </ParametersGroup>
        </Structure>
    </Structures>
    <Enums>
        <Enum name="SIFT_CODE">
            <EnumValue name="GPU_sift" text="GPU_sift"/>
            <EnumValue name="Lowe_sift" text="Lowe_sift"/>
            <EnumValue name="OpenCV_sift" text="OpenCV_sift"/>
        </Enum>
        <Enum name="BA_METHOD">
            <EnumValue name="Ferrer_2008_with_nav" text="Ferrer_2008_with_nav"/>
            <EnumValue name="Ferrer_without_nav" text="Ferrer_without_nav"/>
            <EnumValue name="Robust_2D_with_nav" text="Robust_2D_with_nav"/>
        </Enum>
        <Enum name="EXPO_COMP_METHOD">
            <EnumValue name="no" text="no"/>
            <EnumValue name="gain" text="gain"/>
            <EnumValue name="gain_blocks" text="gain_blocks"/>
        </Enum>
        <Enum name="SEAM_METHOD">
            <EnumValue name="no" text="no"/>
            <EnumValue name="voronoi" text="voronoi"/>
            <EnumValue name="gc_color" text="gc_color"/>
            <EnumValue name="gc_colorgrad" text="gc_colorgrad"/>
        </Enum>
        <Enum name="BLENDING_METHOD">
            <EnumValue name="no" text="no"/>
            <EnumValue name="feather" text="feather"/>
            <EnumValue name="multiband" text="multiband"/>
        </Enum>
        <Enum name="DESCRIBER_PRESET">
            <EnumValue name="NORMAL" text="NORMAL"/>
            <EnumValue name="HIGH" text="HIGH"/>
            <EnumValue name="ULTRA" text="ULTRA"/>
        </Enum>
        <Enum name="DESCRIBER_METHOD">
            <EnumValue name="SIFT_ANATOMY" text="SIFT_ANATOMY"/>
            <EnumValue name="SIFT" text="SIFT"/>
            <EnumValue name="AKAZE_FLOAT" text="AKAZE_FLOAT"/>
            <EnumValue name="AKAZE_MLDB" text="AKAZE_MLDB"/>
        </Enum>
        <Enum name="NEARESTMATCH_METHOD">
            <EnumValue name="AUTO" text="AUTO"/>
            <EnumValue name="BRUTEFORCEL2" text="BRUTEFORCEL2"/>
            <EnumValue name="ANNL2" text="ANNL2"/>
            <EnumValue name="CASCADEHASHINGL2" text="CASCADEHASHINGL2"/>
            <EnumValue name="FASTCASCADEHASHINGL2" text="FASTCASCADEHASHINGL2"/>
            <EnumValue name="BRUTEFORCEHAMMING" text="BRUTEFORCEHAMMING"/>
        </Enum>
        <Enum name="NAV_SOURCES">
            <EnumValue name="AUTO" text="AUTO"/>
            <EnumValue name="GPS" text="GPS"/>
            <EnumValue name="DIM2" text="DIM2"/>
            <EnumValue name="NO_NAV" text="NO_NAV"/>
        </Enum>
    </Enums>
</MatisseParametersDictionnary>
