<?xml version="1.0" encoding="UTF-8"?>
<JobParameters xmlns:xsi="http://www.w3.org/2001/XMLSchema-instance" xsi:noNamespaceSchemaLocation="../../../schemas/JobParameters.xsd">
    <Structure name="algo_param">
        <!--general_algo_params-->
        <Parameter name="scale_factor">1.000</Parameter>
        <Parameter name="First_processed_image">1</Parameter>
        <Parameter name="Last_processed_image">10</Parameter>
        <Parameter name="step_im">1</Parameter>
        <!--overlap_filtering_params-->
        <!--bundle_adjustment_params-->
        <!--blending_displaying_params-->
        <Parameter name="block_drawing">true</Parameter>
        <Parameter name="block_width">7000</Parameter>
        <Parameter name="block_height">7000</Parameter>
    </Structure>
    <Structure name="cam_param">
        <!--advanced_camera_params-->
        <Parameter name="K">1035.26;0.00;505.71;0.00;1034.57;474.61;0.00;0.00;1.00</Parameter>
        <Parameter name="V_Pose_C">2.551;0.607;-0.047;0.000;0.000;-1.571</Parameter>
    </Structure>
    <Structure name="dataset_param">
        <!--output_and_geo_params-->
        <Parameter name="dataset_dir">F:/DATA/MOSAIC_DATASETS/Congolobe/OTUS_ColC_487_LIGHT_CORR_COEUR</Parameter>
        <Parameter name="output_dir">F:/DATA/MOSAIC_DATASETS/Congolobe/OTUS_ColC_487_LIGHT_CORR_COEUR/Geotiff_data</Parameter>
        <Parameter name="output_filename">MaMosaiqueBis</Parameter>
        <Parameter name="navFile">F:/DATA/MOSAIC_DATASETS/Congolobe/OTUS_ColC_487_LIGHT_CORR_COEUR/otus.dim2</Parameter>
    </Structure>
    <Structure name="dim2_param">
        <!--network_nav_input_params-->
    </Structure>
    <Structure name="vehic_param">
        <!--vehicle_params-->
    </Structure>
    <Structure name="video_input_param">
        <!--video_input_params-->
    </Structure>
</JobParameters>
