<?xml version="1.0" encoding="UTF-8"?>
<JobParameters xmlns:xsi="http://www.w3.org/2001/XMLSchema-instance" xsi:noNamespaceSchemaLocation="../../../schemas/JobParameters.xsd">
    <Structure name="algo_param">
        <!--general_algo_params-->
        <!--overlap_filtering_params-->
        <!--bundle_adjustment_params-->
        <!--blending_displaying_params-->
    </Structure>
    <Structure name="cam_param">
        <!--advanced_camera_params-->
        <Parameter name="K">1035.26;0.00;505.70;0.00;1034.57;474.60;0.00;0.00;1.00</Parameter>
        <Parameter name="V_Pose_C">0.000;0.000;0.000;0.000;0.000;0.000</Parameter>
        <Parameter name="still_camera_port">5600</Parameter>
        <Parameter name="still_camera_address">134.246.21.5</Parameter>
        <Parameter name="sensor_width">1000</Parameter>
        <Parameter name="sensor_height">1000</Parameter>
    </Structure>
    <Structure name="dataset_param">
        <!--output_and_geo_params-->
        <Parameter name="output_dir">data/results</Parameter>
        <Parameter name="output_filename">MaMosaique</Parameter>
    </Structure>
    <Structure name="dim2_param">
        <!--network_nav_input_params-->
    </Structure>
    <Structure name="vehic_param">
        <!--vehicle_params-->
        <Parameter name="alt_setpoint">3,000</Parameter>
    </Structure>
    <Structure name="video_input_param">
        <!--video_input_params-->
    </Structure>
</JobParameters>
