<?xml version="1.0" encoding="UTF-8"?>
<JobParameters xmlns:xsi="http://www.w3.org/2001/XMLSchema-instance" xsi:noNamespaceSchemaLocation="../../../schemas/JobParameters.xsd">
    <Structure name="algo_param">
        <!--general_algo_params-->
        <!--overlap_filtering_params-->
        <!--bundle_adjustment_params-->
        <!--blending_displaying_params-->
    </Structure>
    <Structure name="cam_param">
        <!--advanced_camera_params-->
    </Structure>
    <Structure name="dataset_param">
        <!--output_and_geo_params-->
        <Parameter name="dataset_dir">./</Parameter>
        <Parameter name="output_dir">./Geotiff_data</Parameter>
        <Parameter name="output_filename">OutputImage.tif</Parameter>
    </Structure>
    <Structure name="dim2_param">
        <!--network_nav_input_params-->
        <Parameter name="udp_port">7777</Parameter>
    </Structure>
    <Structure name="vehic_param">
        <!--vehicle_params-->
    </Structure>
    <Structure name="video_input_param">
        <!--video_input_params-->
    </Structure>
</JobParameters>
